Model,MSE,MAE,R²,CV MSE,Best Params
Linear Regression,2.2702127862756947,1.1077108969045504,0.9801468726413359,1.1717952406464804,{}
Decision Tree,9.734959688980044,2.042851765950521,0.9148672777700975,4.040586666971691,{'max_depth': None}
SVM,21.066965314593205,2.5148466729165597,0.8157683068390639,4.1915936785251535,"{'C': 10, 'gamma': 'auto'}"
Random Forest,5.933296050339051,1.7724796186174658,0.9481130214506092,3.2766100607864046,"{'max_depth': None, 'min_samples_split': 2}"
